openAlex_id,doi,title,publication_year,funder_name,award_id
https://openalex.org/W2964331590,https://doi.org/10.15252/embj.2018100836,"Past, present, and future of circ <scp>RNA</scp> s",2019,National Institutes of Health,R01AG057700
https://openalex.org/W2964331590,https://doi.org/10.15252/embj.2018100836,"Past, present, and future of circ <scp>RNA</scp> s",2019,National Institutes of Health,R01GM122406
https://openalex.org/W2801364746,https://doi.org/10.1126/science.aar1968,Asymmetric distribution and spatial switching of dynein activity generates ciliary motility,2018,National Institutes of Health,GM083122
https://openalex.org/W3034998636,https://doi.org/10.1016/j.cell.2020.05.019,CBASS Immunity Uses CARF-Related Effectors to Sense 3′–5′- and 2′–5′-Linked Cyclic Oligonucleotide Signals and Protect Bacteria from Phage Infection,2020,National Institutes of Health,R01AI018045
https://openalex.org/W3034998636,https://doi.org/10.1016/j.cell.2020.05.019,CBASS Immunity Uses CARF-Related Effectors to Sense 3′–5′- and 2′–5′-Linked Cyclic Oligonucleotide Signals and Protect Bacteria from Phage Infection,2020,National Institutes of Health,S10OD020025
https://openalex.org/W3034998636,https://doi.org/10.1016/j.cell.2020.05.019,CBASS Immunity Uses CARF-Related Effectors to Sense 3′–5′- and 2′–5′-Linked Cyclic Oligonucleotide Signals and Protect Bacteria from Phage Infection,2020,National Institutes of Health,P42ES010337
https://openalex.org/W3034998636,https://doi.org/10.1016/j.cell.2020.05.019,CBASS Immunity Uses CARF-Related Effectors to Sense 3′–5′- and 2′–5′-Linked Cyclic Oligonucleotide Signals and Protect Bacteria from Phage Infection,2020,National Institutes of Health,R01ES027595
https://openalex.org/W3034998636,https://doi.org/10.1016/j.cell.2020.05.019,CBASS Immunity Uses CARF-Related Effectors to Sense 3′–5′- and 2′–5′-Linked Cyclic Oligonucleotide Signals and Protect Bacteria from Phage Infection,2020,National Institutes of Health,R01AI026289
https://openalex.org/W2942276193,https://doi.org/10.1016/j.celrep.2019.03.098,Modular Architecture of the STING C-Terminal Tail Allows Interferon and NF-κB Signaling Adaptation,2019,National Institutes of Health,T32AI007512
https://openalex.org/W2942276193,https://doi.org/10.1016/j.celrep.2019.03.098,Modular Architecture of the STING C-Terminal Tail Allows Interferon and NF-κB Signaling Adaptation,2019,National Institutes of Health,K99AI30258
https://openalex.org/W2982510093,https://doi.org/10.1016/j.neuron.2019.09.012,Dynamics of Awake Hippocampal-Prefrontal Replay for Spatial Learning and Memory-Guided Decision Making,2019,National Institutes of Health,R01 MH112661
https://openalex.org/W3134510878,https://doi.org/10.1093/genetics/iyab004,Chemosensory signal transduction in<i>Caenorhabditis elegans</i>,2021,National Institutes of Health,R01DC005991
https://openalex.org/W3134510878,https://doi.org/10.1093/genetics/iyab004,Chemosensory signal transduction in<i>Caenorhabditis elegans</i>,2021,National Institutes of Health,R01DC015758
https://openalex.org/W3134510878,https://doi.org/10.1093/genetics/iyab004,Chemosensory signal transduction in<i>Caenorhabditis elegans</i>,2021,National Institutes of Health,R01NS087544
https://openalex.org/W4388557237,https://doi.org/10.1083/jcb.202309021,Mechanisms of actin disassembly and turnover,2023,National Institutes of Health,R35GM134895
https://openalex.org/W4388557237,https://doi.org/10.1083/jcb.202309021,Mechanisms of actin disassembly and turnover,2023,National Institutes of Health,R35GM143050
https://openalex.org/W4391839422,https://doi.org/10.1038/s41467-024-45196-0,Identification of structural and regulatory cell-shape determinants in Haloferax volcanii,2024,National Institutes of Health,T32 AI 141393
https://openalex.org/W4403824354,https://doi.org/10.1073/pnas.2406285121,Protein language models learn evolutionary statistics of interacting sequence motifs,2024,National Institutes of Health,DP5OD026389
https://openalex.org/W2793464565,https://doi.org/10.1126/science.aap9437,The biosynthesis of methanobactin,2018,National Institutes of Health,R00GM111978
https://openalex.org/W2937836868,https://doi.org/10.1126/science.aau8287,Complex signal processing in synthetic gene circuits using cooperative regulatory assemblies,2019,National Institutes of Health,1DP2AI131083-01
https://openalex.org/W2945529787,https://doi.org/10.1002/anie.201814552,Assemblies of Peptides in a Complex Environment and their Applications,2019,National Institutes of Health,R01CA142746
https://openalex.org/W2945529787,https://doi.org/10.1002/anie.201814552,Assemblies of Peptides in a Complex Environment and their Applications,2019,National Institutes of Health,F99CA234746
https://openalex.org/W2803475077,https://doi.org/10.7554/elife.33953,Discovery and characterization of a prevalent human gut bacterial enzyme sufficient for the inactivation of a family of plant toxins,2018,National Institutes of Health,R01HL122593
https://openalex.org/W2911737192,https://doi.org/10.7554/elife.42722,Visualization of currents in neural models with similar behavior and different conductance densities,2019,National Institutes of Health,T32 NS07292
https://openalex.org/W4232899299,https://doi.org/10.15252/emmm.201911942,A Parkinson's disease Circ <scp>RNA</scp> s Resource reveals a link between circ <scp>SLC</scp> 8A1 and oxidative stress,2020,National Institutes of Health,R01AG057700
https://openalex.org/W3011011203,https://doi.org/10.1016/j.neuron.2020.02.033,Autism-Associated Shank3 Is Essential for Homeostatic Compensation in Rodent V1,2020,National Institutes of Health,R01 EY022122
https://openalex.org/W3011011203,https://doi.org/10.1016/j.neuron.2020.02.033,Autism-Associated Shank3 Is Essential for Homeostatic Compensation in Rodent V1,2020,National Institutes of Health,R35 NS111562
https://openalex.org/W3011011203,https://doi.org/10.1016/j.neuron.2020.02.033,Autism-Associated Shank3 Is Essential for Homeostatic Compensation in Rodent V1,2020,National Institutes of Health,R01 EY025613
https://openalex.org/W2908806612,https://doi.org/10.1016/j.neuron.2018.12.022,Ionotropic Receptors Specify the Morphogenesis of Phasic Sensors Controlling Rapid Thermal Preference in Drosophila,2019,National Institutes of Health,P40OD018537
https://openalex.org/W3039227635,https://doi.org/10.1103/revmodphys.93.025008,Equilibrium mechanisms of self-limiting assembly,2021,National Institutes of Health,R01GM108021
https://openalex.org/W3146383468,https://doi.org/10.1002/anie.202102601,Enzymatic Assemblies of Thiophosphopeptides Instantly Target Golgi Apparatus and Selectively Kill Cancer Cells**,2021,National Institutes of Health,CA252364
https://openalex.org/W2905755679,https://doi.org/10.1016/j.cub.2018.11.011,"Retronasal Odor Perception Requires Taste Cortex, but Orthonasal Does Not",2018,National Institutes of Health,R01 DC016063
https://openalex.org/W2905755679,https://doi.org/10.1016/j.cub.2018.11.011,"Retronasal Odor Perception Requires Taste Cortex, but Orthonasal Does Not",2018,National Institutes of Health,DC6666
https://openalex.org/W2905755679,https://doi.org/10.1016/j.cub.2018.11.011,"Retronasal Odor Perception Requires Taste Cortex, but Orthonasal Does Not",2018,National Institutes of Health,R03 DC14017
https://openalex.org/W2905755679,https://doi.org/10.1016/j.cub.2018.11.011,"Retronasal Odor Perception Requires Taste Cortex, but Orthonasal Does Not",2018,National Institutes of Health,R01 DC7702
https://openalex.org/W3134898824,https://doi.org/10.7554/elife.66227,Multiple time-scales of decision-making in the hippocampus and prefrontal cortex,2021,National Institutes of Health,R01 MH112661
https://openalex.org/W3105133057,https://doi.org/10.1126/science.aaz4547,Topological structure and dynamics of three-dimensional active nematics,2020,National Institutes of Health,5R00HD088708-05
https://openalex.org/W2952868548,https://doi.org/10.1016/j.neuron.2018.08.035,Circuit Robustness to Temperature Perturbation Is Altered by Neuromodulators,2018,National Institutes of Health,R01 NS017813
https://openalex.org/W2952868548,https://doi.org/10.1016/j.neuron.2018.08.035,Circuit Robustness to Temperature Perturbation Is Altered by Neuromodulators,2018,National Institutes of Health,R35 NS097343
https://openalex.org/W2952868548,https://doi.org/10.1016/j.neuron.2018.08.035,Circuit Robustness to Temperature Perturbation Is Altered by Neuromodulators,2018,National Institutes of Health,R01 NS081013
https://openalex.org/W3011916202,https://doi.org/10.1016/j.molcel.2020.03.008,TFIID Enables RNA Polymerase II Promoter-Proximal Pausing,2020,National Institutes of Health,OD012300
https://openalex.org/W2990207465,https://doi.org/10.1038/s41467-019-13268-1,Synergy between Cyclase-associated protein and Cofilin accelerates actin filament depolymerization by two orders of magnitude,2019,National Institutes of Health,GM098143
https://openalex.org/W3033381316,https://doi.org/10.1002/anie.202006290,Enzymatically Formed Peptide Assemblies Sequestrate Proteins and Relocate Inhibitors to Selectively Kill Cancer Cells,2020,National Institutes of Health,R01CA142746
https://openalex.org/W3021408794,https://doi.org/10.1021/acsnano.0c01388,Perimitochondrial Enzymatic Self-Assembly for Selective Targeting the Mitochondria of Cancer Cells,2020,National Institutes of Health,R01CA142746
https://openalex.org/W4286001147,https://doi.org/10.7554/elife.76075,Control of nuclear size by osmotic forces in Schizosaccharomyces pombe,2022,National Institutes of Health,R37 CA240765
https://openalex.org/W4309827825,https://doi.org/10.7554/elife.78815,Cortex-wide response mode of VIP-expressing inhibitory neurons by reward and punishment,2022,National Institutes of Health,R01NS088661
https://openalex.org/W4366496727,https://doi.org/10.1016/j.neubiorev.2023.105192,New perspectives on the basal forebrain cholinergic system in Alzheimer’s disease,2023,National Institutes of Health,R01-AG074330
https://openalex.org/W4366496727,https://doi.org/10.1016/j.neubiorev.2023.105192,New perspectives on the basal forebrain cholinergic system in Alzheimer’s disease,2023,National Institutes of Health,R03-AG067033
https://openalex.org/W4366496727,https://doi.org/10.1016/j.neubiorev.2023.105192,New perspectives on the basal forebrain cholinergic system in Alzheimer’s disease,2023,National Institutes of Health,K01-AG078443
https://openalex.org/W4387950325,https://doi.org/10.1021/acs.accounts.3c00542,Enzyme-Instructed Intracellular Peptide Assemblies,2023,National Institutes of Health,CA142746
https://openalex.org/W4387950325,https://doi.org/10.1021/acs.accounts.3c00542,Enzyme-Instructed Intracellular Peptide Assemblies,2023,National Institutes of Health,CA262920
https://openalex.org/W4396604801,https://doi.org/10.1021/jacs.4c03101,Unnatural Peptide Assemblies Rapidly Deplete Cholesterol and Potently Inhibit Cancer Cells,2024,National Institutes of Health,CA142746
https://openalex.org/W4396604801,https://doi.org/10.1021/jacs.4c03101,Unnatural Peptide Assemblies Rapidly Deplete Cholesterol and Potently Inhibit Cancer Cells,2024,National Institutes of Health,CA252364
https://openalex.org/W4396604801,https://doi.org/10.1021/jacs.4c03101,Unnatural Peptide Assemblies Rapidly Deplete Cholesterol and Potently Inhibit Cancer Cells,2024,National Institutes of Health,1S10OD034395
https://openalex.org/W2792590027,https://doi.org/10.1002/anie.201712834,Nucleopeptide Assemblies Selectively Sequester ATP in Cancer Cells to Increase the Efficacy of Doxorubicin,2018,National Institutes of Health,CA142746
https://openalex.org/W2916672395,https://doi.org/10.1093/chemse/bjz013,Recognizing Taste: Coding Patterns Along the Neural Axis in Mammals,2019,National Institutes of Health,R01DC016833
https://openalex.org/W2916672395,https://doi.org/10.1093/chemse/bjz013,Recognizing Taste: Coding Patterns Along the Neural Axis in Mammals,2019,National Institutes of Health,R01DC007630
https://openalex.org/W2916672395,https://doi.org/10.1093/chemse/bjz013,Recognizing Taste: Coding Patterns Along the Neural Axis in Mammals,2019,National Institutes of Health,R21DC012746
https://openalex.org/W2916672395,https://doi.org/10.1093/chemse/bjz013,Recognizing Taste: Coding Patterns Along the Neural Axis in Mammals,2019,National Institutes of Health,R01DC006914
https://openalex.org/W2916672395,https://doi.org/10.1093/chemse/bjz013,Recognizing Taste: Coding Patterns Along the Neural Axis in Mammals,2019,National Institutes of Health,R01DC007708
https://openalex.org/W2916672395,https://doi.org/10.1093/chemse/bjz013,Recognizing Taste: Coding Patterns Along the Neural Axis in Mammals,2019,National Institutes of Health,R01DC00945
https://openalex.org/W2916672395,https://doi.org/10.1093/chemse/bjz013,Recognizing Taste: Coding Patterns Along the Neural Axis in Mammals,2019,National Institutes of Health,R01DC014420
https://openalex.org/W2916672395,https://doi.org/10.1093/chemse/bjz013,Recognizing Taste: Coding Patterns Along the Neural Axis in Mammals,2019,National Institutes of Health,R01DC006666
https://openalex.org/W2916672395,https://doi.org/10.1093/chemse/bjz013,Recognizing Taste: Coding Patterns Along the Neural Axis in Mammals,2019,National Institutes of Health,R01DC006304
https://openalex.org/W2953358361,https://doi.org/10.1016/j.cub.2018.11.005,Allatostatin-C/AstC-R2 Is a Novel Pathway to Modulate the Circadian Activity Pattern in Drosophila,2018,National Institutes of Health,T32MH019929
https://openalex.org/W2984481982,https://doi.org/10.7554/elife.44642,Thermosensitive alternative splicing senses and mediates temperature adaptation in Drosophila,2019,National Institutes of Health,R01GM125859
https://openalex.org/W2903349177,https://doi.org/10.1016/j.jaip.2018.11.023,Drug Hypersensitivity Reactions Documented in Electronic Health Records within a Large Health System,2018,National Institutes of Health,K01AI125631
https://openalex.org/W3029791641,https://doi.org/10.7554/elife.55470,Temperature compensation in a small rhythmic circuit,2020,National Institutes of Health,R35 NS097343
https://openalex.org/W2787703929,https://doi.org/10.1073/pnas.1718474115,Control of chemoselectivity in asymmetric tandem reactions: Direct synthesis of chiral amines bearing nonadjacent stereocenters,2018,National Institutes of Health,GM-61591
https://openalex.org/W3038633512,https://doi.org/10.1016/j.xcrp.2020.100085,Artificial Intracellular Filaments,2020,National Institutes of Health,DMR-2011846
https://openalex.org/W3038633512,https://doi.org/10.1016/j.xcrp.2020.100085,Artificial Intracellular Filaments,2020,National Institutes of Health,GM122510
https://openalex.org/W3038633512,https://doi.org/10.1016/j.xcrp.2020.100085,Artificial Intracellular Filaments,2020,National Institutes of Health,CA142746
https://openalex.org/W3038633512,https://doi.org/10.1016/j.xcrp.2020.100085,Artificial Intracellular Filaments,2020,National Institutes of Health,F99CA234746
https://openalex.org/W2988621271,https://doi.org/10.1016/j.matt.2019.09.015,Enzymatic Noncovalent Synthesis of Supramolecular Soft Matter for Biomedical Applications,2019,National Institutes of Health,CA142746
https://openalex.org/W3191844924,https://doi.org/10.1016/j.tcb.2021.07.005,DNA replication: the recombination connection,2021,National Institutes of Health,GM61722
https://openalex.org/W3191844924,https://doi.org/10.1016/j.tcb.2021.07.005,DNA replication: the recombination connection,2021,National Institutes of Health,GM20056
https://openalex.org/W3191844924,https://doi.org/10.1016/j.tcb.2021.07.005,DNA replication: the recombination connection,2021,National Institutes of Health,R35 GM127029
https://openalex.org/W3009317176,https://doi.org/10.1002/anie.202000983,Enzyme‐Instructed Assemblies Enable Mitochondria Localization of Histone H2B in Cancer Cells,2020,National Institutes of Health,R01CA142746
https://openalex.org/W3136082022,https://doi.org/10.1038/s41564-021-00877-0,The shape of pleomorphic virions determines resistance to cell-entry pressure,2021,National Institutes of Health,1DP2GM128204
https://openalex.org/W3136082022,https://doi.org/10.1038/s41564-021-00877-0,The shape of pleomorphic virions determines resistance to cell-entry pressure,2021,National Institutes of Health,R01AI134824
https://openalex.org/W3190553276,https://doi.org/10.1016/j.molcel.2021.07.025,Single-molecule studies reveal branched pathways for activator-dependent assembly of RNA polymerase II pre-initiation complexes,2021,National Institutes of Health,R01CA246500
https://openalex.org/W3190553276,https://doi.org/10.1016/j.molcel.2021.07.025,Single-molecule studies reveal branched pathways for activator-dependent assembly of RNA polymerase II pre-initiation complexes,2021,National Institutes of Health,R01GM081648
https://openalex.org/W3190553276,https://doi.org/10.1016/j.molcel.2021.07.025,Single-molecule studies reveal branched pathways for activator-dependent assembly of RNA polymerase II pre-initiation complexes,2021,National Institutes of Health,R01GM046498
https://openalex.org/W3201739723,https://doi.org/10.1002/prot.26250,Evolution of the <scp>SARS‐CoV</scp>‐2 proteome in three dimensions (3D) during the first 6 months of the <scp>COVID</scp>‐19 pandemic,2021,National Institutes of Health,GM136431
https://openalex.org/W3201739723,https://doi.org/10.1002/prot.26250,Evolution of the <scp>SARS‐CoV</scp>‐2 proteome in three dimensions (3D) during the first 6 months of the <scp>COVID</scp>‐19 pandemic,2021,National Institutes of Health,R0137 AI027690
https://openalex.org/W4224881434,https://doi.org/10.1016/j.celrep.2022.110740,circMbl functions in cis and in trans to regulate gene expression and physiology in a tissue-specific fashion,2022,National Institutes of Health,R01GM124406
https://openalex.org/W4281289771,https://doi.org/10.1002/smi.3165,Why is subjective stress severity a stronger predictor of health than stressor exposure? A preregistered two‐study test of two hypotheses,2022,National Institutes of Health,T32 GM084907
https://openalex.org/W4281289771,https://doi.org/10.1002/smi.3165,Why is subjective stress severity a stronger predictor of health than stressor exposure? A preregistered two‐study test of two hypotheses,2022,National Institutes of Health,T32 MH019929
https://openalex.org/W4367693337,https://doi.org/10.1016/j.dadr.2023.100164,State alignment with federal regulations in 2022 to relax buprenorphine 30-patient waiver requirements,2023,National Institutes of Health,UM1DA049394
https://openalex.org/W4367693337,https://doi.org/10.1016/j.dadr.2023.100164,State alignment with federal regulations in 2022 to relax buprenorphine 30-patient waiver requirements,2023,National Institutes of Health,UM1DA049412
https://openalex.org/W4367693337,https://doi.org/10.1016/j.dadr.2023.100164,State alignment with federal regulations in 2022 to relax buprenorphine 30-patient waiver requirements,2023,National Institutes of Health,UM1DA049406
https://openalex.org/W4367693337,https://doi.org/10.1016/j.dadr.2023.100164,State alignment with federal regulations in 2022 to relax buprenorphine 30-patient waiver requirements,2023,National Institutes of Health,UM1DA049415
https://openalex.org/W2953236838,https://doi.org/10.1371/journal.pgen.1007213,Rictor/TORC2 mediates gut-to-brain signaling in the regulation of phenotypic plasticity in C. elegans,2018,National Institutes of Health,T32 NS007292
https://openalex.org/W2894881505,https://doi.org/10.7554/elife.39451,Redox-dependent rearrangements of the NiFeS cluster of carbon monoxide dehydrogenase,2018,National Institutes of Health,R35 GM126982
https://openalex.org/W2993754136,https://doi.org/10.1093/humrep/dez210,Combined noninvasive metabolic and spindle imaging as potential tools for embryo and oocyte assessment,2019,National Institutes of Health,R01HD092550-01
https://openalex.org/W2971075995,https://doi.org/10.1083/jcb.201904165,The role of APC-mediated actin assembly in microtubule capture and focal adhesion turnover,2019,National Institutes of Health,GM083137
https://openalex.org/W2971075995,https://doi.org/10.1083/jcb.201904165,The role of APC-mediated actin assembly in microtubule capture and focal adhesion turnover,2019,National Institutes of Health,GM098143
https://openalex.org/W2964346165,https://doi.org/10.1016/j.jsat.2019.07.007,The Washington State Hub and Spoke Model to increase access to medication treatment for opioid use disorders,2019,National Institutes of Health,R33DA045851
https://openalex.org/W2965804863,https://doi.org/10.1073/pnas.1906595116,Rapid and active stabilization of visual cortical firing rates across light–dark transitions,2019,National Institutes of Health,R01EY025613
https://openalex.org/W3015959740,https://doi.org/10.7554/elife.51977,"Retromer subunit, VPS29, regulates synaptic transmission and is required for endolysosomal function in the aging brain",2020,National Institutes of Health,P30CA125123
https://openalex.org/W2975400880,https://doi.org/10.1016/j.cub.2019.08.033,Light-Mediated Circuit Switching in the Drosophila Neuronal Clock Network,2019,National Institutes of Health,P40OD018537
https://openalex.org/W3067233643,https://doi.org/10.1073/pnas.2002126117,Yeast ATM and ATR kinases use different mechanisms to spread histone H2A phosphorylation around a DNA double-strand break,2020,National Institutes of Health,GM20056
https://openalex.org/W3048859351,https://doi.org/10.1126/sciadv.abb8771,TRIBE editing reveals specific mRNA targets of eIF4E-BP in <i>Drosophila</i> and in mammals,2020,National Institutes of Health,R01AG052465
https://openalex.org/W3131928754,https://doi.org/10.7554/elife.65471,DDK regulates replication initiation by controlling the multiplicity of Cdc45-GINS binding to Mcm2-7,2021,National Institutes of Health,T32 GM007287
https://openalex.org/W3184168486,https://doi.org/10.1103/physrevx.12.031006,Active Microphase Separation in Mixtures of Microtubules and Tip-Accumulating Molecular Motors,2022,National Institutes of Health,1DP2GM126894-01
https://openalex.org/W4318929184,https://doi.org/10.1083/jcb.202209105,Evolutionary tuning of barbed end competition allows simultaneous construction of architecturally distinct actin structures,2023,National Institutes of Health,R35 GM134895
https://openalex.org/W4318929184,https://doi.org/10.1083/jcb.202209105,Evolutionary tuning of barbed end competition allows simultaneous construction of architecturally distinct actin structures,2023,National Institutes of Health,F32 GM135967
https://openalex.org/W4386546812,https://doi.org/10.1002/adfm.202306904,Protocells Capable of Generating a Cytoskeleton‐Like Structure from Intracellular Membrane‐Active Artificial Organelles,2023,National Institutes of Health,CA142746
https://openalex.org/W4391594213,https://doi.org/10.1073/pnas.2312775121,Hierarchical assembly is more robust than egalitarian assembly in synthetic capsids,2024,National Institutes of Health,R01GM108021
https://openalex.org/W4390581665,https://doi.org/10.1177/29767342231215178,"Relationships Between Stigma, Risk Tolerance, and Buprenorphine Dispensing Intentions Among Community-Based Pharmacists: Results From a National Sample",2024,National Institutes of Health,P20GM125507
https://openalex.org/W4391568930,https://doi.org/10.1016/j.mcn.2024.103920,Plexin-B1 and Plexin-B2 play non-redundant roles in GABAergic synapse formation,2024,National Institutes of Health,F31 NS118799
https://openalex.org/W4391568930,https://doi.org/10.1016/j.mcn.2024.103920,Plexin-B1 and Plexin-B2 play non-redundant roles in GABAergic synapse formation,2024,National Institutes of Health,R01NS065856
https://openalex.org/W2897819932,https://doi.org/10.7554/elife.41313,A novel mode of capping protein-regulation by twinfilin,2018,National Institutes of Health,R01 AI123926
https://openalex.org/W2808281077,https://doi.org/10.7554/elife.36656,Dynamics of human protein kinase Aurora A linked to drug selectivity,2018,National Institutes of Health,GM100966-01
https://openalex.org/W2810190577,https://doi.org/10.1128/jcm.00531-18,"Diagnostic Accuracy and Utility of FluoroType MTBDR, a New Molecular Assay for Multidrug-Resistant Tuberculosis",2018,National Institutes of Health,A1099532
https://openalex.org/W2803761769,https://doi.org/10.1073/pnas.1808552115,Cellular function given parametric variation in the Hodgkin and Huxley model of excitability,2018,National Institutes of Health,R35 NS097343
https://openalex.org/W2994835967,https://doi.org/10.7554/elife.48694,Length-dependent disassembly maintains four different flagellar lengths in Giardia,2019,National Institutes of Health,T32 GM0007377
https://openalex.org/W2828168118,https://doi.org/10.1016/j.mcn.2018.06.008,Class 4 Semaphorins and Plexin-B receptors regulate GABAergic and glutamatergic synapse development in the mammalian hippocampus,2018,National Institutes of Health,R01NS065856
https://openalex.org/W2949160739,https://doi.org/10.7554/elife.41877,"Two central pattern generators from the crab, Cancer borealis, respond robustly and differentially to extreme extracellular pH",2018,National Institutes of Health,R35 NS 097343
https://openalex.org/W3016833266,https://doi.org/10.7554/elife.55368,Centering and symmetry breaking in confined contracting actomyosin networks,2020,National Institutes of Health,GM121971
https://openalex.org/W2808743852,https://doi.org/10.1016/j.jmb.2018.06.025,Species-Specific Functions of Twinfilin in Actin Filament Depolymerization,2018,National Institutes of Health,R01 GM063691
https://openalex.org/W2933232319,https://doi.org/10.1016/j.cub.2019.02.062,A CCRK and a MAK Kinase Modulate Cilia Branching and Length via Regulation of Axonemal Microtubule Dynamics in Caenorhabditis elegans,2019,National Institutes of Health,R35 GM122463
https://openalex.org/W2933232319,https://doi.org/10.1016/j.cub.2019.02.062,A CCRK and a MAK Kinase Modulate Cilia Branching and Length via Regulation of Axonemal Microtubule Dynamics in Caenorhabditis elegans,2019,National Institutes of Health,T32 GM007122
https://openalex.org/W3020177692,https://doi.org/10.1002/adhm.202000416,Trypsin‐Instructed Self‐Assembly on Endoplasmic Reticulum for Selectively Inhibiting Cancer Cells,2020,National Institutes of Health,CA142746
https://openalex.org/W2949617007,https://doi.org/10.1242/jeb.199190,"<i>In vivo</i> effects of temperature on the heart and pyloric rhythms in the crab, <i>Cancer borealis</i>",2019,National Institutes of Health,R35 NS 097343
https://openalex.org/W3083463570,https://doi.org/10.1016/j.cub.2020.08.094,EB1 Directly Regulates APC-Mediated Actin Nucleation,2020,National Institutes of Health,GM134895
https://openalex.org/W3107104068,https://doi.org/10.1083/jcb.202006022,Twinfilin bypasses assembly conditions and actin filament aging to drive barbed end depolymerization,2020,National Institutes of Health,R35 GM134895
https://openalex.org/W3107104068,https://doi.org/10.1083/jcb.202006022,Twinfilin bypasses assembly conditions and actin filament aging to drive barbed end depolymerization,2020,National Institutes of Health,R01 GM098143
https://openalex.org/W3123521443,https://doi.org/10.1126/sciadv.abc3781,Extensive tissue-specific expression variation and novel regulators underlying circadian behavior,2021,National Institutes of Health,#R01GM125859
https://openalex.org/W4220925300,https://doi.org/10.7554/elife.74363,Reciprocally inhibitory circuits operating with distinct mechanisms are differently robust to perturbation and modulation,2022,National Institutes of Health,2 R01 MH046742
https://openalex.org/W4221002659,https://doi.org/10.7554/elife.76579,Mapping circuit dynamics during function and dysfunction,2022,National Institutes of Health,MH060605
https://openalex.org/W4289527297,https://doi.org/10.1016/j.it.2022.07.002,High endothelial venules as potential gateways for therapeutics,2022,National Institutes of Health,R01HL145813
https://openalex.org/W4289527297,https://doi.org/10.1016/j.it.2022.07.002,High endothelial venules as potential gateways for therapeutics,2022,National Institutes of Health,K08DK124685
https://openalex.org/W4289527297,https://doi.org/10.1016/j.it.2022.07.002,High endothelial venules as potential gateways for therapeutics,2022,National Institutes of Health,P01AI153003
https://openalex.org/W4289527297,https://doi.org/10.1016/j.it.2022.07.002,High endothelial venules as potential gateways for therapeutics,2022,National Institutes of Health,R01AI156084
https://openalex.org/W4388280908,https://doi.org/10.1037/dev0001618,Perceived control across the adult lifespan: Longitudinal changes in global control and daily stressor control.,2023,National Institutes of Health,P01 AG020166; M3 U19 AG051426; T32 AG049676
https://openalex.org/W4381514048,https://doi.org/10.1016/j.bbapap.2023.140931,The Fe and Zn cofactor dilemma,2023,National Institutes of Health,GM126303
https://openalex.org/W4381514048,https://doi.org/10.1016/j.bbapap.2023.140931,The Fe and Zn cofactor dilemma,2023,National Institutes of Health,GM111978
https://openalex.org/W4387948965,https://doi.org/10.1038/s41467-023-42283-6,The endocannabinoid N-arachidonoyl dopamine is critical for hyperalgesia induced by chronic sleep disruption,2023,National Institutes of Health,R35GM128692
https://openalex.org/W4399382030,https://doi.org/10.1083/jcb.202405025,ESCRT disruption provides evidence against trans-synaptic signaling via extracellular vesicles,2024,National Institutes of Health,P40OD018537
https://openalex.org/W4399382030,https://doi.org/10.1083/jcb.202405025,ESCRT disruption provides evidence against trans-synaptic signaling via extracellular vesicles,2024,National Institutes of Health,1S10OD034223-01
https://openalex.org/W2791424423,https://doi.org/10.1242/jcs.213827,Rapid production of pure recombinant actin isoforms in <i>Pichia pastoris</i>,2018,National Institutes of Health,GM063691
https://openalex.org/W2962977444,https://doi.org/10.1016/j.celrep.2019.06.068,Mec1ATR Autophosphorylation and Ddc2ATRIP Phosphorylation Regulates DNA Damage Checkpoint Signaling,2019,National Institutes of Health,GM61766
https://openalex.org/W2962977444,https://doi.org/10.1016/j.celrep.2019.06.068,Mec1ATR Autophosphorylation and Ddc2ATRIP Phosphorylation Regulates DNA Damage Checkpoint Signaling,2019,National Institutes of Health,GM097272
https://openalex.org/W2962977444,https://doi.org/10.1016/j.celrep.2019.06.068,Mec1ATR Autophosphorylation and Ddc2ATRIP Phosphorylation Regulates DNA Damage Checkpoint Signaling,2019,National Institutes of Health,GM127029
https://openalex.org/W2807544272,https://doi.org/10.7554/elife.35618,Striking circadian neuron diversity and cycling of Drosophila alternative splicing,2018,National Institutes of Health,NIH P50102706
https://openalex.org/W2810093943,https://doi.org/10.1002/anie.201806992,Selection of Secondary Structures of Heterotypic Supramolecular Peptide Assemblies by an Enzymatic Reaction,2018,National Institutes of Health,AI130560
https://openalex.org/W2810093943,https://doi.org/10.1002/anie.201806992,Selection of Secondary Structures of Heterotypic Supramolecular Peptide Assemblies by an Enzymatic Reaction,2018,National Institutes of Health,CA142746
https://openalex.org/W3029649727,https://doi.org/10.7554/elife.57578,A molecular filter for the cnidarian stinging response,2020,National Institutes of Health,P2SKP3_187684
https://openalex.org/W3023754979,https://doi.org/10.1016/j.conb.2020.03.013,Mechanisms for biogenesis and release of neuronal extracellular vesicles,2020,National Institutes of Health,R01 NS103967
https://openalex.org/W3023754979,https://doi.org/10.1016/j.conb.2020.03.013,Mechanisms for biogenesis and release of neuronal extracellular vesicles,2020,National Institutes of Health,F32 NS110123
https://openalex.org/W3110547852,https://doi.org/10.1016/j.whi.2020.10.001,Preconception Health Risks Among U.S. Women: Disparities at the Intersection of Disability and Race or Ethnicity,2020,National Institutes of Health,90DPGE000
https://openalex.org/W4253010930,https://doi.org/10.1002/ange.201814552,Assemblies of Peptides in a Complex Environment and their Applications,2019,National Institutes of Health,F99CA234746
https://openalex.org/W4253010930,https://doi.org/10.1002/ange.201814552,Assemblies of Peptides in a Complex Environment and their Applications,2019,National Institutes of Health,R01CA142746
https://openalex.org/W3155106744,https://doi.org/10.3390/catal10101191,The HD-Domain Metalloprotein Superfamily: An Apparent Common Protein Scaffold with Diverse Chemistries,2020,National Institutes of Health,GM111978
https://openalex.org/W3155106744,https://doi.org/10.3390/catal10101191,The HD-Domain Metalloprotein Superfamily: An Apparent Common Protein Scaffold with Diverse Chemistries,2020,National Institutes of Health,GM126303
https://openalex.org/W3111783782,https://doi.org/10.1126/science.aaz4910,Genetic interaction mapping informs integrative structure determination of protein complexes,2020,National Institutes of Health,R35GM118061
https://openalex.org/W3183424815,https://doi.org/10.1093/geronb/gbab140,"Aging, Empathy, and Prosocial Behaviors During the COVID-19 Pandemic",2021,National Institutes of Health,R01AG061886
https://openalex.org/W3186450160,https://doi.org/10.7554/elife.69597,An autoinhibitory clamp of actin assembly constrains and directs synaptic endocytosis,2021,National Institutes of Health,DA032435
https://openalex.org/W3167334360,https://doi.org/10.7554/elife.68424,Scaling of subcellular actin structures with cell length through decelerated growth,2021,National Institutes of Health,R35 GM134895
https://openalex.org/W4292061653,https://doi.org/10.1016/j.actpsy.2022.103702,Feeling rushed? Perceived time pressure impacts executive function and stress.,2022,National Institutes of Health,R90 DA033463
https://openalex.org/W4385846302,https://doi.org/10.1016/j.conb.2023.102765,Recent data on the cerebellum require new models and theories,2023,National Institutes of Health,R35 NS097343
https://openalex.org/W4385846302,https://doi.org/10.1016/j.conb.2023.102765,Recent data on the cerebellum require new models and theories,2023,National Institutes of Health,R01MH046742
https://openalex.org/W4362467121,https://doi.org/10.1073/pnas.2207662120,Dissipation and energy propagation across scales in an active cytoskeletal material,2023,National Institutes of Health,R25GM067110
https://openalex.org/W4391431702,https://doi.org/10.1016/j.ypmed.2024.107883,Severe maternal morbidity in deaf or hard of hearing women in the United States,2024,National Institutes of Health,R01HD090103
https://openalex.org/W4396693007,https://doi.org/10.1063/5.0181308,Mixed-mode oscillations in a three-timescale coupled Morris–Lecar system,2024,National Institutes of Health,R01DA057767
https://openalex.org/W4399287105,https://doi.org/10.1016/j.cub.2024.05.018,Prefrontal cortical ripples mediate top-down suppression of hippocampal reactivation during sleep memory consolidation,2024,National Institutes of Health,2T32NS007292-36
https://openalex.org/W4399287105,https://doi.org/10.1016/j.cub.2024.05.018,Prefrontal cortical ripples mediate top-down suppression of hippocampal reactivation during sleep memory consolidation,2024,National Institutes of Health,R01MH112661
https://openalex.org/W4404699132,https://doi.org/10.1021/jacs.4c15084,"Stereoselective Glycosylation for 1,2-<i>cis</i>-Aminoglycoside Assembly by Cooperative Atom Transfer Catalysis",2024,National Institutes of Health,S10OD034395
https://openalex.org/W2808768506,https://doi.org/10.7554/elife.37751,Synergistic assembly of human pre-spliceosomes across introns and exons,2018,National Institutes of Health,R01 GM081648
https://openalex.org/W2886503585,https://doi.org/10.1083/jcb.201803164,Integrated control of formin-mediated actin assembly by a stationary inhibitor and a mobile activator,2018,National Institutes of Health,R01-GM083137
https://openalex.org/W2952474824,https://doi.org/10.1016/j.bpj.2019.06.006,Kinetic Stability of Long-Lived Human Lens γ-Crystallins and Their Isolated Double Greek Key Domains,2019,National Institutes of Health,GM68762
https://openalex.org/W2750386037,https://doi.org/10.1016/j.bpj.2017.11.3782,Why Enveloped Viruses Need Cores—The Contribution of a Nucleocapsid Core to Viral Budding,2018,National Institutes of Health,R01GM108021
https://openalex.org/W2899305072,https://doi.org/10.1007/s00294-018-0900-2,Mating-type switching by homology-directed recombinational repair: a matter of choice,2018,National Institutes of Health,R35 127029
https://openalex.org/W2977619073,https://doi.org/10.1039/c9nr06570a,Nanoparticles binding to lipid membranes: from vesicle-based gels to vesicle tubulation and destruction,2019,National Institutes of Health,EB022641
https://openalex.org/W3107820824,https://doi.org/10.1111/mmi.14649,ClpP1P2 peptidase activity promotes biofilm formation in <i>Pseudomonas aeruginosa</i>,2020,National Institutes of Health,GM‐101988
https://openalex.org/W3107820824,https://doi.org/10.1111/mmi.14649,ClpP1P2 peptidase activity promotes biofilm formation in <i>Pseudomonas aeruginosa</i>,2020,National Institutes of Health,R01‐EB017755
https://openalex.org/W3107820824,https://doi.org/10.1111/mmi.14649,ClpP1P2 peptidase activity promotes biofilm formation in <i>Pseudomonas aeruginosa</i>,2020,National Institutes of Health,AI‐016892
https://openalex.org/W3175635737,https://doi.org/10.1126/sciadv.abf6808,COUP-TFI specifies the medial entorhinal cortex identity and induces differential cell adhesion to determine the integrity of its boundary with neocortex,2021,National Institutes of Health,NINDS RO1 NS099099
https://openalex.org/W3139441962,https://doi.org/10.1007/s13187-021-01994-4,African American Cancer Survivors’ Perspectives on Cancer Clinical Trial Participation in a Safety-Net Hospital: Considering the Role of the Social Determinants of Health,2021,National Institutes of Health,UL1TR002378
https://openalex.org/W3139441962,https://doi.org/10.1007/s13187-021-01994-4,African American Cancer Survivors’ Perspectives on Cancer Clinical Trial Participation in a Safety-Net Hospital: Considering the Role of the Social Determinants of Health,2021,National Institutes of Health,U54CA118948
https://openalex.org/W3139441962,https://doi.org/10.1007/s13187-021-01994-4,African American Cancer Survivors’ Perspectives on Cancer Clinical Trial Participation in a Safety-Net Hospital: Considering the Role of the Social Determinants of Health,2021,National Institutes of Health,R01 MD007783
https://openalex.org/W4223415738,https://doi.org/10.1016/j.conb.2022.102533,Primary cilia in the postnatal brain: Subcellular compartments for organizing neuromodulatory signaling,2022,National Institutes of Health,R21 MH118464
https://openalex.org/W4223415738,https://doi.org/10.1016/j.conb.2022.102533,Primary cilia in the postnatal brain: Subcellular compartments for organizing neuromodulatory signaling,2022,National Institutes of Health,R35 GM122463
https://openalex.org/W4223415738,https://doi.org/10.1016/j.conb.2022.102533,Primary cilia in the postnatal brain: Subcellular compartments for organizing neuromodulatory signaling,2022,National Institutes of Health,R35 NS111562
https://openalex.org/W4315647212,https://doi.org/10.1186/s12877-022-03717-w,Impact of dementia care training on nurse care managers’ interactions with family caregivers,2023,National Institutes of Health,5T35AG038027-11
https://openalex.org/W4377221302,https://doi.org/10.1128/mmbr.00078-22,Generation and Repair of Postreplication Gaps in Escherichia coli,2023,National Institutes of Health,R01 GM051753
https://openalex.org/W4382361822,https://doi.org/10.1002/cmdc.202300258,Peptide Assemblies for Cancer Therapy,2023,National Institutes of Health,CA262920
https://openalex.org/W4382361822,https://doi.org/10.1002/cmdc.202300258,Peptide Assemblies for Cancer Therapy,2023,National Institutes of Health,CA142746
https://openalex.org/W4388486165,https://doi.org/10.1016/j.copsyc.2023.101728,Memory and aging across cultures,2023,National Institutes of Health,R01AG061886
https://openalex.org/W4388583167,https://doi.org/10.1016/j.celrep.2023.113428,Uncoupling the distinct functions of HP1 proteins during heterochromatin establishment and maintenance,2023,National Institutes of Health,T32GM007544
https://openalex.org/W4388583167,https://doi.org/10.1016/j.celrep.2023.113428,Uncoupling the distinct functions of HP1 proteins during heterochromatin establishment and maintenance,2023,National Institutes of Health,T32GM007315
https://openalex.org/W4388583167,https://doi.org/10.1016/j.celrep.2023.113428,Uncoupling the distinct functions of HP1 proteins during heterochromatin establishment and maintenance,2023,National Institutes of Health,R35GM137832
https://openalex.org/W4387391903,https://doi.org/10.1083/jcb.202306036,Cytosolic concentrations of actin binding proteins and the implications for in vivo F-actin turnover,2023,National Institutes of Health,F32 GM135967
https://openalex.org/W4387391903,https://doi.org/10.1083/jcb.202306036,Cytosolic concentrations of actin binding proteins and the implications for in vivo F-actin turnover,2023,National Institutes of Health,R35 GM134895
https://openalex.org/W4403648358,https://doi.org/10.1039/d4sc05374e,Large and Long-Term Photon Energy Storage in Diazetidines via [2+2] Photocycloaddition,2024,National Institutes of Health,1S10OD034395
https://openalex.org/W2948765951,https://doi.org/10.1002/anie.201905230,Diglycine Enables Rapid Intrabacterial Hydrolysis for Activating Anbiotics against Gram‐negative Bacteria,2019,National Institutes of Health,R21AI130560
https://openalex.org/W3048549698,https://doi.org/10.1128/mbio.01007-20,The Ribbon-Helix-Helix Domain Protein CdrS Regulates the Tubulin Homolog <i>ftsZ2</i> To Control Cell Division in Archaea,2020,National Institutes of Health,DP2AI117923
https://openalex.org/W3005571565,https://doi.org/10.1093/braincomms/fcaa010,Analysis of α-synuclein species enriched from cerebral cortex of humans with sporadic dementia with Lewy bodies,2020,National Institutes of Health,P50-AG005134
https://openalex.org/W3027402425,https://doi.org/10.1371/journal.pone.0233059,Teething during sleep: Ultrastructural analysis of pharyngeal muscle and cuticular grinder during the molt in Caenorhabditis elegans,2020,National Institutes of Health,R01NS088432
https://openalex.org/W3208188575,https://doi.org/10.1093/cercor/bhab379,Elevated Dopamine Synthesis as a Mechanism of Cognitive Resilience in Aging,2021,National Institutes of Health,AG058748
https://openalex.org/W3208188575,https://doi.org/10.1093/cercor/bhab379,Elevated Dopamine Synthesis as a Mechanism of Cognitive Resilience in Aging,2021,National Institutes of Health,AG062542
https://openalex.org/W3208188575,https://doi.org/10.1093/cercor/bhab379,Elevated Dopamine Synthesis as a Mechanism of Cognitive Resilience in Aging,2021,National Institutes of Health,AG044292
https://openalex.org/W3208188575,https://doi.org/10.1093/cercor/bhab379,Elevated Dopamine Synthesis as a Mechanism of Cognitive Resilience in Aging,2021,National Institutes of Health,AG034570
https://openalex.org/W3123062257,https://doi.org/10.1093/scan/nsab014,Recognizing humanity: dehumanization predicts neural mirroring and empathic accuracy in face-to-face interactions,2021,National Institutes of Health,5T32GM084907-09
https://openalex.org/W3129069353,https://doi.org/10.1039/d0cb00219d,Biological functions of supramolecular assemblies of small molecules in the cellular environment,2021,National Institutes of Health,CA142746
https://openalex.org/W3129069353,https://doi.org/10.1039/d0cb00219d,Biological functions of supramolecular assemblies of small molecules in the cellular environment,2021,National Institutes of Health,CA252364
https://openalex.org/W4311911475,https://doi.org/10.1523/jneurosci.1350-22.2022,Subtype-Specific Roles of Ellipsoid Body Ring Neurons in Sleep Regulation in<i>Drosophila</i>,2022,National Institutes of Health,R01MH67284
https://openalex.org/W4317360478,https://doi.org/10.1111/jir.13007,Health in Down syndrome: creating a conceptual model,2023,National Institutes of Health,K23 HD100568
https://openalex.org/W4376128939,https://doi.org/10.1261/rna.079608.123,Comparison of TRIBE and STAMP for identifying targets of RNA binding proteins in human and<i>Drosophila</i>cells,2023,National Institutes of Health,R01 (DA037721)
https://openalex.org/W4399464830,https://doi.org/10.1038/s43246-024-00539-8,Mechanoactivated amorphization and photopolymerization of styryldipyryliums,2024,National Institutes of Health,1S10OD034395
https://openalex.org/W2995376772,https://doi.org/10.7554/elife.49948,"Har-P, a short P-element variant, weaponizes P-transposase to severely impair Drosophila development",2019,National Institutes of Health,R21-HD088792
https://openalex.org/W2950842554,https://doi.org/10.1152/jn.00534.2018,Stable memory and computation in randomly rewiring neural networks,2019,National Institutes of Health,R01 NS065856
https://openalex.org/W3043315661,https://doi.org/10.1016/j.cortex.2020.04.037,Perspective taking reduces group biases in sensorimotor resonance,2020,National Institutes of Health,5T32GM084907-09
https://openalex.org/W3091716161,https://doi.org/10.1038/s41598-020-72977-6,Activity-dependent compensation of cell size is vulnerable to targeted deletion of ion channels,2020,National Institutes of Health,T32 NS007292
https://openalex.org/W3091716161,https://doi.org/10.1038/s41598-020-72977-6,Activity-dependent compensation of cell size is vulnerable to targeted deletion of ion channels,2020,National Institutes of Health,R35 NS097343
https://openalex.org/W3044140193,https://doi.org/10.1016/j.cortex.2020.07.003,Prevalence and correlates of concussion in children: Data from the Adolescent Brain Cognitive Development study,2020,National Institutes of Health,U01DA041156
https://openalex.org/W3044140193,https://doi.org/10.1016/j.cortex.2020.07.003,Prevalence and correlates of concussion in children: Data from the Adolescent Brain Cognitive Development study,2020,National Institutes of Health,U01DA041174
https://openalex.org/W3044140193,https://doi.org/10.1016/j.cortex.2020.07.003,Prevalence and correlates of concussion in children: Data from the Adolescent Brain Cognitive Development study,2020,National Institutes of Health,U24DA041147
https://openalex.org/W3044140193,https://doi.org/10.1016/j.cortex.2020.07.003,Prevalence and correlates of concussion in children: Data from the Adolescent Brain Cognitive Development study,2020,National Institutes of Health,U01DA041148
https://openalex.org/W3044140193,https://doi.org/10.1016/j.cortex.2020.07.003,Prevalence and correlates of concussion in children: Data from the Adolescent Brain Cognitive Development study,2020,National Institutes of Health,U01DA041117
https://openalex.org/W3044140193,https://doi.org/10.1016/j.cortex.2020.07.003,Prevalence and correlates of concussion in children: Data from the Adolescent Brain Cognitive Development study,2020,National Institutes of Health,U01DA041120
https://openalex.org/W3044140193,https://doi.org/10.1016/j.cortex.2020.07.003,Prevalence and correlates of concussion in children: Data from the Adolescent Brain Cognitive Development study,2020,National Institutes of Health,U01DA041022
https://openalex.org/W3044140193,https://doi.org/10.1016/j.cortex.2020.07.003,Prevalence and correlates of concussion in children: Data from the Adolescent Brain Cognitive Development study,2020,National Institutes of Health,U01DA041048
https://openalex.org/W3044140193,https://doi.org/10.1016/j.cortex.2020.07.003,Prevalence and correlates of concussion in children: Data from the Adolescent Brain Cognitive Development study,2020,National Institutes of Health,U01DA041093
https://openalex.org/W3044140193,https://doi.org/10.1016/j.cortex.2020.07.003,Prevalence and correlates of concussion in children: Data from the Adolescent Brain Cognitive Development study,2020,National Institutes of Health,U01DA041089
https://openalex.org/W3044140193,https://doi.org/10.1016/j.cortex.2020.07.003,Prevalence and correlates of concussion in children: Data from the Adolescent Brain Cognitive Development study,2020,National Institutes of Health,U01DA041025
https://openalex.org/W3044140193,https://doi.org/10.1016/j.cortex.2020.07.003,Prevalence and correlates of concussion in children: Data from the Adolescent Brain Cognitive Development study,2020,National Institutes of Health,U01DA041106
https://openalex.org/W3044140193,https://doi.org/10.1016/j.cortex.2020.07.003,Prevalence and correlates of concussion in children: Data from the Adolescent Brain Cognitive Development study,2020,National Institutes of Health,U01DA041028
https://openalex.org/W3044140193,https://doi.org/10.1016/j.cortex.2020.07.003,Prevalence and correlates of concussion in children: Data from the Adolescent Brain Cognitive Development study,2020,National Institutes of Health,U01DA041134
https://openalex.org/W3044140193,https://doi.org/10.1016/j.cortex.2020.07.003,Prevalence and correlates of concussion in children: Data from the Adolescent Brain Cognitive Development study,2020,National Institutes of Health,U24DA041123
https://openalex.org/W3155257157,https://doi.org/10.1016/j.whi.2021.03.005,Pregnancy and Neonatal Outcomes Among Deaf and Hard of Hearing Women: Results From Nationally Representative Data,2021,National Institutes of Health,R01HD090103
https://openalex.org/W4229002150,https://doi.org/10.1016/j.ypmed.2022.107079,Economic analysis of financial incentives for smoking cessation during pregnancy and postpartum,2022,National Institutes of Health,R01HD075669
https://openalex.org/W4229002150,https://doi.org/10.1016/j.ypmed.2022.107079,Economic analysis of financial incentives for smoking cessation during pregnancy and postpartum,2022,National Institutes of Health,P20GM103644
https://openalex.org/W4304943575,https://doi.org/10.7554/elife.78941,Neuronal temperature perception induces specific defenses that enable C. elegans to cope with the enhanced reactivity of hydrogen peroxide at high temperature,2022,National Institutes of Health,F32 NS112453
https://openalex.org/W4311512418,https://doi.org/10.1016/j.drugalcdep.2022.109699,A review of factors associated with methadone maintenance treatment adherence and retention in Vietnam,2022,National Institutes of Health,R01 DA050486
https://openalex.org/W4313294036,https://doi.org/10.1063/5.0130407,Optimization of non-equilibrium self-assembly protocols using Markov state models,2022,National Institutes of Health,R01GM108021
https://openalex.org/W4362639821,https://doi.org/10.1016/j.cub.2023.03.043,Sodium channel slow inactivation normalizes firing in axons with uneven conductance distributions,2023,National Institutes of Health,R01MH046742
https://openalex.org/W4362639821,https://doi.org/10.1016/j.cub.2023.03.043,Sodium channel slow inactivation normalizes firing in axons with uneven conductance distributions,2023,National Institutes of Health,R35NS097343
https://openalex.org/W4367308816,https://doi.org/10.1021/acs.organomet.3c00067,Mechanistic Studies of Iron-PyBOX-Catalyzed Olefin Amino-Oxygenation with Functionalized Hydroxylamines,2023,National Institutes of Health,R35GM134926
https://openalex.org/W4367308816,https://doi.org/10.1021/acs.organomet.3c00067,Mechanistic Studies of Iron-PyBOX-Catalyzed Olefin Amino-Oxygenation with Functionalized Hydroxylamines,2023,National Institutes of Health,R01GM111480
https://openalex.org/W4391375750,https://doi.org/10.7554/elife.94334,Prolonged cell cycle arrest in response to DNA damage in yeast requires the maintenance of DNA damage signaling and the spindle assembly checkpoint,2024,National Institutes of Health,F32-GM145156
https://openalex.org/W4399801988,https://doi.org/10.1016/j.josat.2024.209441,Payment-related barriers to medications for opioid use disorder: A critical review of the literature and real-world application,2024,National Institutes of Health,NCT04111939
https://openalex.org/W4399801988,https://doi.org/10.1016/j.josat.2024.209441,Payment-related barriers to medications for opioid use disorder: A critical review of the literature and real-world application,2024,National Institutes of Health,R01GM987654
https://openalex.org/W4399801988,https://doi.org/10.1016/j.josat.2024.209441,Payment-related barriers to medications for opioid use disorder: A critical review of the literature and real-world application,2024,National Institutes of Health,UM1DA049412
https://openalex.org/W2899219379,https://doi.org/10.1002/cbic.201800495,Cell‐Compatible Nanoprobes for Imaging Intracellular Phosphatase Activities,2018,National Institutes of Health,R01CA142746
https://openalex.org/W2899219379,https://doi.org/10.1002/cbic.201800495,Cell‐Compatible Nanoprobes for Imaging Intracellular Phosphatase Activities,2018,National Institutes of Health,R21 AI130560
https://openalex.org/W2905410102,https://doi.org/10.1158/1541-7786.mcr-18-0931,Unraveling the Cellular Mechanism of Assembling Cholesterols for Selective Cancer Cell Death,2018,National Institutes of Health,F99CA234746
https://openalex.org/W2982348926,https://doi.org/10.1093/nar/gkz960,Frequent template switching in postreplication gaps: suppression of deleterious consequences by the Escherichia coli Uup and RadD proteins,2019,National Institutes of Health,RM1 GM130450
https://openalex.org/W2982348926,https://doi.org/10.1093/nar/gkz960,Frequent template switching in postreplication gaps: suppression of deleterious consequences by the Escherichia coli Uup and RadD proteins,2019,National Institutes of Health,GM32335
https://openalex.org/W2982348926,https://doi.org/10.1093/nar/gkz960,Frequent template switching in postreplication gaps: suppression of deleterious consequences by the Escherichia coli Uup and RadD proteins,2019,National Institutes of Health,R01 GM51753
https://openalex.org/W2810708689,https://doi.org/10.7554/elife.39368,Dopamine maintains network synchrony via direct modulation of gap junctions in the crustacean cardiac ganglion,2018,National Institutes of Health,R01MH046742-29
https://openalex.org/W2922012830,https://doi.org/10.1007/s12671-019-01116-8,Insurance-Reimbursable Mindfulness for Safety-Net Primary Care Patients: a Pilot Randomized Controlled Trial,2019,National Institutes of Health,UH2AT009145
https://openalex.org/W3016435672,https://doi.org/10.1002/syn.22158,CaMKII inhibitor 1 (CaMK2N1) mRNA is upregulated following LTP induction in hippocampal slices,2020,National Institutes of Health,R01DA043195 (NO)
https://openalex.org/W3016435672,https://doi.org/10.1002/syn.22158,CaMKII inhibitor 1 (CaMK2N1) mRNA is upregulated following LTP induction in hippocampal slices,2020,National Institutes of Health,R01NS103168
https://openalex.org/W3037004356,https://doi.org/10.1002/chem.202002974,Enzymatic Insertion of Lipids Increases Membrane Tension for Inhibiting Drug Resistant Cancer Cells,2020,National Institutes of Health,R01CA142746
https://openalex.org/W3163978519,https://doi.org/10.1093/aesa/saab021,The Role of Colony Temperature in the Entrainment of Circadian Rhythms of Honey Bee Foragers,2021,National Institutes of Health,2R25GM061151-13
https://openalex.org/W3163978519,https://doi.org/10.1093/aesa/saab021,The Role of Colony Temperature in the Entrainment of Circadian Rhythms of Honey Bee Foragers,2021,National Institutes of Health,P20GM103475
https://openalex.org/W4293744914,https://doi.org/10.1016/j.isci.2022.104919,"Repeated applications of high potassium elicit long-term changes in a motor circuit from the crab, Cancer borealis",2022,National Institutes of Health,R01 MH046742
https://openalex.org/W4293744914,https://doi.org/10.1016/j.isci.2022.104919,"Repeated applications of high potassium elicit long-term changes in a motor circuit from the crab, Cancer borealis",2022,National Institutes of Health,R35 NS097343
https://openalex.org/W4293744914,https://doi.org/10.1016/j.isci.2022.104919,"Repeated applications of high potassium elicit long-term changes in a motor circuit from the crab, Cancer borealis",2022,National Institutes of Health,F31-NS113383
https://openalex.org/W4319061359,https://doi.org/10.1016/j.jinorgbio.2023.112129,Conformational heterogeneity suggests multiple substrate binding modes in CYP106A2,2023,National Institutes of Health,T32-GM007596
https://openalex.org/W4376121953,https://doi.org/10.1093/cercor/bhad134,Striatal dopamine synthesis and cognitive flexibility differ between hormonal contraceptive users and nonusers,2023,National Institutes of Health,AG044292
https://openalex.org/W2800744796,https://doi.org/10.1037/pag0000238,Older adults show impaired modulation of attentional alpha oscillations: Evidence from dichotic listening.,2018,National Institutes of Health,"T32 NS07292, and R01 AG019714"
https://openalex.org/W4237878297,https://doi.org/10.1002/ange.201712834,Nucleopeptide Assemblies Selectively Sequester ATP in Cancer Cells to Increase the Efficacy of Doxorubicin,2018,National Institutes of Health,CA142746
https://openalex.org/W4243605171,https://doi.org/10.1002/ange.202006290,Enzymatically Formed Peptide Assemblies Sequestrate Proteins and Relocate Inhibitors to Selectively Kill Cancer Cells,2020,National Institutes of Health,R01CA142746
https://openalex.org/W3175742456,https://doi.org/10.1002/cnma.202100249,Enzymatic Delivery of Magnetic Nanoparticles into Mitochondria of Live Cells,2021,National Institutes of Health,CA142746
https://openalex.org/W3151631230,https://doi.org/10.1016/j.jmb.2021.166963,The ER Chaperones BiP and Grp94 Regulate the Formation of Insulin-Like Growth Factor 2 (IGF2) Oligomers,2021,National Institutes of Health,R01 GM115356
https://openalex.org/W3200598906,https://doi.org/10.1039/d1sm01221e,Phosphobisaromatic motifs enable rapid enzymatic self-assembly and hydrogelation of short peptides,2021,National Institutes of Health,CA142746
https://openalex.org/W3200598906,https://doi.org/10.1039/d1sm01221e,Phosphobisaromatic motifs enable rapid enzymatic self-assembly and hydrogelation of short peptides,2021,National Institutes of Health,CA252364
https://openalex.org/W4210327880,https://doi.org/10.1038/s41598-022-05681-2,Structure-based prediction of HDAC6 substrates validated by enzymatic assay reveals determinants of promiscuity and detects new potential substrates,2022,National Institutes of Health,R-R01-GM-040602
https://openalex.org/W4281680546,https://doi.org/10.1016/j.nlm.2022.107650,"The effect of interference, offline sleep, and wake on spatial statistical learning",2022,National Institutes of Health,R21HD088731
https://openalex.org/W4281680546,https://doi.org/10.1016/j.nlm.2022.107650,"The effect of interference, offline sleep, and wake on spatial statistical learning",2022,National Institutes of Health,RO1AG046646
https://openalex.org/W4394687596,https://doi.org/10.1016/j.japh.2024.102093,The association between naloxone claims and proportion of independent versus chain pharmacies: A longitudinal analysis of naloxone claims in the United States,2024,National Institutes of Health,U01DA047408
https://openalex.org/W4394687596,https://doi.org/10.1016/j.japh.2024.102093,The association between naloxone claims and proportion of independent versus chain pharmacies: A longitudinal analysis of naloxone claims in the United States,2024,National Institutes of Health,R01DA046527
https://openalex.org/W4394687596,https://doi.org/10.1016/j.japh.2024.102093,The association between naloxone claims and proportion of independent versus chain pharmacies: A longitudinal analysis of naloxone claims in the United States,2024,National Institutes of Health,P30DA040500
https://openalex.org/W4396693270,https://doi.org/10.1242/bio.060269,"Na,K-ATPase activity promotes macropinocytosis in colon cancer via Wnt signaling",2024,National Institutes of Health,P20CA016042
https://openalex.org/W4399684336,https://doi.org/10.1039/d3sm01336g,Structure and dynamics of motor-driven microtubule bundles,2024,National Institutes of Health,NIH R35-GM122482
https://openalex.org/W4405233685,https://doi.org/10.7554/elife.94334.3,Prolonged cell cycle arrest in response to DNA damage in yeast requires the maintenance of DNA damage signaling and the spindle assembly checkpoint,2024,National Institutes of Health,F32-GM145156
https://openalex.org/W2805303738,https://doi.org/10.1371/journal.pgen.1007424,New insights into donor directionality of mating-type switching in Schizosaccharomyces pombe,2018,National Institutes of Health,GM20056
https://openalex.org/W2808685052,https://doi.org/10.1085/jgp.201812015,Electrical recordings of the mitochondrial calcium uniporter in <i>Xenopus</i> oocytes,2018,National Institutes of Health,R01-GM-107023
https://openalex.org/W2887044863,https://doi.org/10.1074/jbc.ra118.003560,The Ras-like GTPase Rem2 is a potent inhibitor of calcium/calmodulin-dependent kinase II activity,2018,National Institutes of Health,R01GM117034
https://openalex.org/W2887044863,https://doi.org/10.1074/jbc.ra118.003560,The Ras-like GTPase Rem2 is a potent inhibitor of calcium/calmodulin-dependent kinase II activity,2018,National Institutes of Health,R01NS065856
https://openalex.org/W2887044863,https://doi.org/10.1074/jbc.ra118.003560,The Ras-like GTPase Rem2 is a potent inhibitor of calcium/calmodulin-dependent kinase II activity,2018,National Institutes of Health,R21NS102661
https://openalex.org/W2951246664,https://doi.org/10.1002/pep2.24123,Instructed‐assembly of small peptides inhibits drug‐resistant prostate cancer cells,2019,National Institutes of Health,F99CA234746
https://openalex.org/W2951246664,https://doi.org/10.1002/pep2.24123,Instructed‐assembly of small peptides inhibits drug‐resistant prostate cancer cells,2019,National Institutes of Health,R01CA142746
https://openalex.org/W3032991482,https://doi.org/10.1002/pep2.24173,Enzymatically forming cell compatible supramolecular assemblies of tryptophan‐rich short peptides,2020,National Institutes of Health,R01CA142746
https://openalex.org/W4280543184,https://doi.org/10.1016/j.cub.2022.04.047,Local translation provides the asymmetric distribution of CaMKII required for associative memory formation,2022,National Institutes of Health,R01 DA043195
https://openalex.org/W4280543184,https://doi.org/10.1016/j.cub.2022.04.047,Local translation provides the asymmetric distribution of CaMKII required for associative memory formation,2022,National Institutes of Health,R37 NS112810
https://openalex.org/W4327704332,https://doi.org/10.1016/j.josat.2023.209022,The role of health plans in addressing the opioid crisis: A qualitative study,2023,National Institutes of Health,UM1DA049412
https://openalex.org/W4386917131,https://doi.org/10.3758/s13421-023-01459-7,Do cultural differences emerge at different levels of representational hierarchy?,2023,National Institutes of Health,R01AG061886
https://openalex.org/W2808251419,https://doi.org/10.1093/scan/nsy039,Cultural specialization of visual cortex,2018,National Institutes of Health,S10OD020039
https://openalex.org/W2883069229,https://doi.org/10.1016/j.neuron.2018.07.001,NonA and CPX Link the Circadian Clockwork to Locomotor Activity in Drosophila,2018,National Institutes of Health,1R01GM118431-01A1
https://openalex.org/W2883069229,https://doi.org/10.1016/j.neuron.2018.07.001,NonA and CPX Link the Circadian Clockwork to Locomotor Activity in Drosophila,2018,National Institutes of Health,1R01GM117004
https://openalex.org/W2904931847,https://doi.org/10.1093/geront/gny165,In the Eyes of Those Who Were Randomized: Perceptions of Disadvantaged Older Adults in a Tai Chi Trial,2018,National Institutes of Health,P30AG048785
https://openalex.org/W2904931847,https://doi.org/10.1093/geront/gny165,In the Eyes of Those Who Were Randomized: Perceptions of Disadvantaged Older Adults in a Tai Chi Trial,2018,National Institutes of Health,K24AT009282
https://openalex.org/W2904931847,https://doi.org/10.1093/geront/gny165,In the Eyes of Those Who Were Randomized: Perceptions of Disadvantaged Older Adults in a Tai Chi Trial,2018,National Institutes of Health,T32AG023480
https://openalex.org/W2904931847,https://doi.org/10.1093/geront/gny165,In the Eyes of Those Who Were Randomized: Perceptions of Disadvantaged Older Adults in a Tai Chi Trial,2018,National Institutes of Health,PMC5639896
https://openalex.org/W2904931847,https://doi.org/10.1093/geront/gny165,In the Eyes of Those Who Were Randomized: Perceptions of Disadvantaged Older Adults in a Tai Chi Trial,2018,National Institutes of Health,R01AG025037
https://openalex.org/W2912601058,https://doi.org/10.1016/j.neulet.2019.01.037,Alpha band signatures of social synchrony,2019,National Institutes of Health,R01GM105045
https://openalex.org/W2955604269,https://doi.org/10.1083/jcb.201811074,Higher-order assembly of Sorting Nexin 16 controls tubulation and distribution of neuronal endosomes,2019,National Institutes of Health,R01 NS103967
https://openalex.org/W2947313069,https://doi.org/10.1016/j.apmr.2019.04.015,The Rehabilitation Enhancing Aging Through Connected Health Prehabilitation Trial,2019,National Institutes of Health,1K24HD070966-01
https://openalex.org/W3132533460,https://doi.org/10.1242/jcs.258500,Modified chromosome structure caused by phosphomimetic H2A modulates the DNA damage response by increasing chromatin mobility in yeast,2021,National Institutes of Health,R35 127029
https://openalex.org/W3208796272,https://doi.org/10.1016/j.cub.2021.10.027,"xbx-4, a homolog of the Joubert syndrome gene FAM149B1, acts via the CCRK and RCK kinase cascade to regulate cilia morphology",2021,National Institutes of Health,R35 GM122463
https://openalex.org/W4384559064,https://doi.org/10.1038/s41380-023-02177-x,Poorer aging trajectories are associated with elevated serotonin synthesis capacity,2023,National Institutes of Health,AG034570
https://openalex.org/W4384559064,https://doi.org/10.1038/s41380-023-02177-x,Poorer aging trajectories are associated with elevated serotonin synthesis capacity,2023,National Institutes of Health,AG072328
https://openalex.org/W4384559064,https://doi.org/10.1038/s41380-023-02177-x,Poorer aging trajectories are associated with elevated serotonin synthesis capacity,2023,National Institutes of Health,AG058748
https://openalex.org/W4384559064,https://doi.org/10.1038/s41380-023-02177-x,Poorer aging trajectories are associated with elevated serotonin synthesis capacity,2023,National Institutes of Health,DA034685
https://openalex.org/W4384559064,https://doi.org/10.1038/s41380-023-02177-x,Poorer aging trajectories are associated with elevated serotonin synthesis capacity,2023,National Institutes of Health,AG044292
https://openalex.org/W4384559064,https://doi.org/10.1038/s41380-023-02177-x,Poorer aging trajectories are associated with elevated serotonin synthesis capacity,2023,National Institutes of Health,AG062542
https://openalex.org/W2795035105,https://doi.org/10.1016/j.jmb.2018.03.014,Some Surprising Implications of NMR-directed Simulations of Substrate Recognition and Binding by Cytochrome P450 cam (CYP101A1),2018,National Institutes of Health,R01-GM44191
https://openalex.org/W3127205566,https://doi.org/10.1016/j.dnarep.2020.103006,Alternative complexes formed by the Escherichia coli clamp loader accessory protein HolC (x) with replication protein HolD (ψ) and repair protein YoaA,2021,National Institutes of Health,MCB 1817869
https://openalex.org/W3127205566,https://doi.org/10.1016/j.dnarep.2020.103006,Alternative complexes formed by the Escherichia coli clamp loader accessory protein HolC (x) with replication protein HolD (ψ) and repair protein YoaA,2021,National Institutes of Health,R01GM51753
https://openalex.org/W3207163980,https://doi.org/10.1371/journal.pone.0258321,Efficient spline regression for neural spiking data,2021,National Institutes of Health,RO1-MH112662
https://openalex.org/W4294353922,https://doi.org/10.1371/journal.pgen.1010056,Repair of mismatched templates during Rad51-dependent Break-Induced Replication,2022,National Institutes of Health,R35GM118026
https://openalex.org/W4298127218,https://doi.org/10.1016/j.neuroimage.2022.119658,Locus coeruleus catecholamines link neuroticism and vulnerability to tau pathology in aging,2022,National Institutes of Health,AG058748
https://openalex.org/W4298127218,https://doi.org/10.1016/j.neuroimage.2022.119658,Locus coeruleus catecholamines link neuroticism and vulnerability to tau pathology in aging,2022,National Institutes of Health,AG044292
https://openalex.org/W4298127218,https://doi.org/10.1016/j.neuroimage.2022.119658,Locus coeruleus catecholamines link neuroticism and vulnerability to tau pathology in aging,2022,National Institutes of Health,F31AG063428
https://openalex.org/W4298127218,https://doi.org/10.1016/j.neuroimage.2022.119658,Locus coeruleus catecholamines link neuroticism and vulnerability to tau pathology in aging,2022,National Institutes of Health,AG072328
https://openalex.org/W4298127218,https://doi.org/10.1016/j.neuroimage.2022.119658,Locus coeruleus catecholamines link neuroticism and vulnerability to tau pathology in aging,2022,National Institutes of Health,AG034570
https://openalex.org/W4298127218,https://doi.org/10.1016/j.neuroimage.2022.119658,Locus coeruleus catecholamines link neuroticism and vulnerability to tau pathology in aging,2022,National Institutes of Health,AG062542
https://openalex.org/W4309164388,https://doi.org/10.1002/pro.4512,"<scp>Phage‐assisted</scp>, active <scp>site‐directed</scp> ligand evolution of a potent and selective histone deacetylase 8 inhibitor",2022,National Institutes of Health,R35GM145351
https://openalex.org/W4390732174,https://doi.org/10.1016/j.isci.2024.108874,Ultrasensitivity of microtubule severing due to damage repair,2024,National Institutes of Health,R35GM147556
https://openalex.org/W4395029878,https://doi.org/10.1523/eneuro.0362-23.2024,Progressive Circuit Hyperexcitability in Mouse Neocortical Slice Cultures with Increasing Duration of Activity Silencing,2024,National Institutes of Health,R01 NS109916
https://openalex.org/W4395680124,https://doi.org/10.1039/d4cp00553h,Structural characterization of E22G Aβ<sub>1–42</sub> fibrils <i>via</i><sup>1</sup>H detected MAS NMR,2024,National Institutes of Health,AG058504
https://openalex.org/W4395680124,https://doi.org/10.1039/d4cp00553h,Structural characterization of E22G Aβ<sub>1–42</sub> fibrils <i>via</i><sup>1</sup>H detected MAS NMR,2024,National Institutes of Health,GM132997
https://openalex.org/W4399275262,https://doi.org/10.1016/j.heliyon.2024.e32243,Interactions between genistein and Wnt pathway in colon adenocarcinoma and early embryos,2024,National Institutes of Health,1S10OD010786-01
https://openalex.org/W4403092039,https://doi.org/10.1103/physrevx.14.041002,Active Fréedericksz Transition in Active Nematic Droplets,2024,National Institutes of Health,R00 GM136915
https://openalex.org/W4405429750,https://doi.org/10.1073/pnas.2417323121,Biofilm formation by <i>Staphylococcus aureus</i> is triggered by a drop in the levels of a cyclic dinucleotide,2024,National Institutes of Health,R01 AI057576
https://openalex.org/W2983701606,https://doi.org/10.1021/acs.jmedchem.9b01210,Structure–Activity Relationship of Peptide-Conjugated Chloramphenicol for Inhibiting <i>Escherichia coli</i>,2019,National Institutes of Health,R21AI130560
https://openalex.org/W4252644494,https://doi.org/10.1002/ange.201806992,Selection of Secondary Structures of Heterotypic Supramolecular Peptide Assemblies by an Enzymatic Reaction,2018,National Institutes of Health,AI130560
https://openalex.org/W4252644494,https://doi.org/10.1002/ange.201806992,Selection of Secondary Structures of Heterotypic Supramolecular Peptide Assemblies by an Enzymatic Reaction,2018,National Institutes of Health,CA142746
https://openalex.org/W3135656868,https://doi.org/10.1016/j.jbc.2021.100518,A conserved allosteric element controls specificity and activity of functionally divergent PP2C phosphatases from Bacillus subtilis,2021,National Institutes of Health,GM18568
https://openalex.org/W4390098971,https://doi.org/10.1093/geronb/gbad186,Individual Differences in Older Adult Frontal Lobe Function Relate to Memory and Neural Activity for Self-Relevant and Emotional Content,2023,National Institutes of Health,T32 NS007292
https://openalex.org/W2891280595,https://doi.org/10.1016/j.jsat.2018.09.002,Incentives in a public addiction treatment system: Effects on waiting time and selection,2018,National Institutes of Health,R01 DA033402
https://openalex.org/W2891280595,https://doi.org/10.1016/j.jsat.2018.09.002,Incentives in a public addiction treatment system: Effects on waiting time and selection,2018,National Institutes of Health,P30 DA035772
https://openalex.org/W2903545774,https://doi.org/10.1016/j.bmcl.2018.11.055,Diarylcarbonates are a new class of deubiquitinating enzyme inhibitor,2018,National Institutes of Health,R01 GM100921
https://openalex.org/W2963675572,https://doi.org/10.1177/1087054720925900,Dependent Stress Mediates the Relation Between ADHD Symptoms and Depression,2020,National Institutes of Health,T32 GM084907
https://openalex.org/W3062776332,https://doi.org/10.1002/pro.3933,Hsp90 chaperones have an energetic hot‐spot for binding inhibitors,2020,National Institutes of Health,R01 GM115356
https://openalex.org/W3086980478,https://doi.org/10.1186/s13408-020-00093-w,Attractor-state itinerancy in neural circuits with synaptic depression,2020,National Institutes of Health,R01NS104818
https://openalex.org/W4210330160,https://doi.org/10.1002/ange.202000983,Enzyme‐Instructed Assemblies Enable Mitochondria Localization of Histone H2B in Cancer Cells,2020,National Institutes of Health,R01CA142746
https://openalex.org/W4254171104,https://doi.org/10.1002/ange.202102601,Enzymatic Assemblies of Thiophosphopeptides Instantly Target Golgi Apparatus and Selectively Kill Cancer Cells**,2021,National Institutes of Health,CA252364
https://openalex.org/W2952640048,https://doi.org/10.1242/dev.166603,A Cut/cohesin axis alters the chromatin landscape to facilitate neuroblast death,2019,National Institutes of Health,R03NS092063
https://openalex.org/W2952640048,https://doi.org/10.1242/dev.166603,A Cut/cohesin axis alters the chromatin landscape to facilitate neuroblast death,2019,National Institutes of Health,R01GM110477
https://openalex.org/W2952640048,https://doi.org/10.1242/dev.166603,A Cut/cohesin axis alters the chromatin landscape to facilitate neuroblast death,2019,National Institutes of Health,R01GM106174
https://openalex.org/W3132542794,https://doi.org/10.1021/acs.bioconjchem.1c00032,Peptide Assemblies Mimicking Chaperones for Protein Trafficking,2021,National Institutes of Health,R01CA142746
https://openalex.org/W3159495266,https://doi.org/10.1016/j.ymeth.2021.04.016,Using Drosophila to uncover molecular and physiological functions of circRNAs,2021,National Institutes of Health,R01-AG057700
https://openalex.org/W3159495266,https://doi.org/10.1016/j.ymeth.2021.04.016,Using Drosophila to uncover molecular and physiological functions of circRNAs,2021,National Institutes of Health,R01GM122406
https://openalex.org/W4211054649,https://doi.org/10.1016/j.chembiol.2022.01.007,Phosphorylation of guanosine monophosphate reductase triggers a GTP-dependent switch from pro- to anti-oncogenic function of EPHA4,2022,National Institutes of Health,CA264984
https://openalex.org/W4211054649,https://doi.org/10.1016/j.chembiol.2022.01.007,Phosphorylation of guanosine monophosphate reductase triggers a GTP-dependent switch from pro- to anti-oncogenic function of EPHA4,2022,National Institutes of Health,GM054403
https://openalex.org/W4211054649,https://doi.org/10.1016/j.chembiol.2022.01.007,Phosphorylation of guanosine monophosphate reductase triggers a GTP-dependent switch from pro- to anti-oncogenic function of EPHA4,2022,National Institutes of Health,AI125362
https://openalex.org/W4285819413,https://doi.org/10.1177/20499361221112171,"Comparison of clinical presentations and burden of respiratory syncytial virus in infants across three distinct healthcare settings in Davidson County, Tennessee",2022,National Institutes of Health,TL1TR002244
https://openalex.org/W4292004650,https://doi.org/10.1093/geronb/gbac114,Intent-Based Moral Judgment in Old Age,2022,National Institutes of Health,R01AG061886
https://openalex.org/W2783329807,https://doi.org/10.1016/j.jsat.2018.01.006,Employment after beginning treatment for substance use disorders: The impact of race/ethnicity and client community of residence,2018,National Institutes of Health,R03AA023390
https://openalex.org/W2936682055,https://doi.org/10.1002/cbic.201900168,Dynamic Continuum of Molecular Assemblies for Controlling Cell Fates,2019,National Institutes of Health,CA142746
https://openalex.org/W2936682055,https://doi.org/10.1002/cbic.201900168,Dynamic Continuum of Molecular Assemblies for Controlling Cell Fates,2019,National Institutes of Health,F99CA234746
https://openalex.org/W3086257574,https://doi.org/10.1016/j.bmcl.2020.127543,Mycophenolic anilides as broad specificity inosine-5’-monophosphate dehydrogenase (IMPDH) inhibitors,2020,National Institutes of Health,R01AI125362
https://openalex.org/W3116158643,https://doi.org/10.3390/molecules26010077,Heterotypic Supramolecular Hydrogels Formed by Noncovalent Interactions in Inflammasomes,2020,National Institutes of Health,R01CA142746
https://openalex.org/W3139150868,https://doi.org/10.1016/j.mrfmmm.2021.111742,"DNA damage-signaling, homologous recombination and genetic mutation induced by 5-azacytidine and DNA-protein crosslinks in Escherichia coli",2021,National Institutes of Health,T32 GM007122
https://openalex.org/W3139150868,https://doi.org/10.1016/j.mrfmmm.2021.111742,"DNA damage-signaling, homologous recombination and genetic mutation induced by 5-azacytidine and DNA-protein crosslinks in Escherichia coli",2021,National Institutes of Health,R01 GM51753
https://openalex.org/W3139150868,https://doi.org/10.1016/j.mrfmmm.2021.111742,"DNA damage-signaling, homologous recombination and genetic mutation induced by 5-azacytidine and DNA-protein crosslinks in Escherichia coli",2021,National Institutes of Health,P01 GM105473
https://openalex.org/W4240044487,https://doi.org/10.1002/ange.201905230,Diglycine Enables Rapid Intrabacterial Hydrolysis for Activating Anbiotics against Gram‐negative Bacteria,2019,National Institutes of Health,R21AI130560
https://openalex.org/W4317380937,https://doi.org/10.1002/syst.202200041,An Exploration of Multiple Component Peptide Assemblies by Enzyme‐Instructed Self‐Assembly,2023,National Institutes of Health,CA142746
https://openalex.org/W4387784128,https://doi.org/10.1016/j.celrep.2023.113283,The intrinsically disordered region of eIF5B stimulates IRES usage and nucleates biological granule formation,2023,National Institutes of Health,R01GM117034
https://openalex.org/W4387784128,https://doi.org/10.1016/j.celrep.2023.113283,The intrinsically disordered region of eIF5B stimulates IRES usage and nucleates biological granule formation,2023,National Institutes of Health,T32 GM007122
https://openalex.org/W4298110242,https://doi.org/10.3389/fnsyn.2022.995474,Heightened sympathetic neuron activity and altered cardiomyocyte properties in spontaneously hypertensive rats during the postnatal period,2022,National Institutes of Health,R21NS116316
https://openalex.org/W2808185242,https://doi.org/10.1002/asia.201800875,Down‐regulating Proteolysis to Enhance Anticancer Activity of Peptide Nanofibers,2018,National Institutes of Health,AI130560
https://openalex.org/W2808185242,https://doi.org/10.1002/asia.201800875,Down‐regulating Proteolysis to Enhance Anticancer Activity of Peptide Nanofibers,2018,National Institutes of Health,CA142746
https://openalex.org/W2966855371,https://doi.org/10.1016/j.dhjo.2019.100831,Emergency department utilization during the first year of life among infants born to women at risk of disability,2019,National Institutes of Health,1R01HD074581
https://openalex.org/W3010504572,https://doi.org/10.1038/s41598-020-61286-7,Rapid Pyrazinamide Drug Susceptibility Testing using a Closed-Tube PCR Assay of the Entire pncA gene,2020,National Institutes of Health,R01 AI099026
https://openalex.org/W3044881081,https://doi.org/10.1093/cercor/bhaa195,Cell Surface Protein mRNAs Show Differential Transcription in Pyramidal and Fast-Spiking Cells as Revealed by Single-Cell Sequencing,2020,National Institutes of Health,MH10180
https://openalex.org/W3045668317,https://doi.org/10.1039/d0sm00867b,The ratio of hydrogelator to precursor controls the enzymatic hydrogelation of a branched peptide,2020,National Institutes of Health,R01CA142746
https://openalex.org/W3080877851,https://doi.org/10.7554/elife.60703,Theoretical musings,2020,National Institutes of Health,R35 NS 097343
https://openalex.org/W3173252065,https://doi.org/10.3389/fnbeh.2021.681593,Rest Is Required to Learn an Appetitively-Reinforced Operant Task in Drosophila,2021,National Institutes of Health,MH067284
https://openalex.org/W3173252065,https://doi.org/10.3389/fnbeh.2021.681593,Rest Is Required to Learn an Appetitively-Reinforced Operant Task in Drosophila,2021,National Institutes of Health,DA033463
https://openalex.org/W3173252065,https://doi.org/10.3389/fnbeh.2021.681593,Rest Is Required to Learn an Appetitively-Reinforced Operant Task in Drosophila,2021,National Institutes of Health,NS098624
https://openalex.org/W4236190111,https://doi.org/10.12688/f1000research.13849.2,"Breathe Easy EDA: A MATLAB toolbox for psychophysiology data management, cleaning, and analysis",2018,National Institutes of Health,R01MH080833
https://openalex.org/W4392367978,https://doi.org/10.7554/elife.93981,Intrinsic dynamics of randomly clustered networks generate place fields and preplay of novel environments,2024,National Institutes of Health,R01MH120228
https://openalex.org/W4392958999,https://doi.org/10.1186/s12954-024-00975-2,“Wanna cry this out real quick?”: an examination of secondary traumatic stress risk and resilience among post-overdose outreach staff in Massachusetts,2024,National Institutes of Health,1K23DA044324-01
https://openalex.org/W4400850305,https://doi.org/10.1016/j.biopsycho.2024.108847,Pathological and neurochemical correlates of locus coeruleus functional network activity,2024,National Institutes of Health,AG034570
https://openalex.org/W4400850305,https://doi.org/10.1016/j.biopsycho.2024.108847,Pathological and neurochemical correlates of locus coeruleus functional network activity,2024,National Institutes of Health,AG062542
https://openalex.org/W4400850305,https://doi.org/10.1016/j.biopsycho.2024.108847,Pathological and neurochemical correlates of locus coeruleus functional network activity,2024,National Institutes of Health,AG074330
https://openalex.org/W4400850305,https://doi.org/10.1016/j.biopsycho.2024.108847,Pathological and neurochemical correlates of locus coeruleus functional network activity,2024,National Institutes of Health,AG072328
https://openalex.org/W4400850305,https://doi.org/10.1016/j.biopsycho.2024.108847,Pathological and neurochemical correlates of locus coeruleus functional network activity,2024,National Institutes of Health,AG044292
https://openalex.org/W4400850305,https://doi.org/10.1016/j.biopsycho.2024.108847,Pathological and neurochemical correlates of locus coeruleus functional network activity,2024,National Institutes of Health,AG079515
https://openalex.org/W4401760171,https://doi.org/10.1016/j.jbc.2024.107700,Docking interactions determine substrate specificity of members of a widespread family of protein phosphatases,2024,National Institutes of Health,T32 GM007122
https://openalex.org/W4401760171,https://doi.org/10.1016/j.jbc.2024.107700,Docking interactions determine substrate specificity of members of a widespread family of protein phosphatases,2024,National Institutes of Health,T32 GM135126
https://openalex.org/W4403215686,https://doi.org/10.1177/07487304241273182,Detecting Rhythmic Gene Expression in Single-cell Transcriptomics,2024,National Institutes of Health,R01AG068579
https://openalex.org/W4403394615,https://doi.org/10.1021/acs.biochem.4c00547,"Crystal Structure of Caryolan-1-ol Synthase, a Sesquiterpene Synthase Catalyzing an Initial Anti-Markovnikov Cyclization Reaction",2024,National Institutes of Health,T32GM007596
https://openalex.org/W4403394615,https://doi.org/10.1021/acs.biochem.4c00547,"Crystal Structure of Caryolan-1-ol Synthase, a Sesquiterpene Synthase Catalyzing an Initial Anti-Markovnikov Cyclization Reaction",2024,National Institutes of Health,RO1-GM096053
https://openalex.org/W4403394615,https://doi.org/10.1021/acs.biochem.4c00547,"Crystal Structure of Caryolan-1-ol Synthase, a Sesquiterpene Synthase Catalyzing an Initial Anti-Markovnikov Cyclization Reaction",2024,National Institutes of Health,RO1-GR403886
https://openalex.org/W4403540609,https://doi.org/10.7554/elife.93981.3,Intrinsic dynamics of randomly clustered networks generate place fields and preplay of novel environments,2024,National Institutes of Health,R01MH120228
https://openalex.org/W4404959386,https://doi.org/10.1016/j.dhjo.2024.101765,Intersectional inequities in maternal mortality: Examining the compounded risks for black birthing individuals with physical disabilities,2024,National Institutes of Health,R01HD105712
https://openalex.org/W2955234098,https://doi.org/10.1002/prot.25766,Multimapping confounds ribosome profiling analysis: A case‐study of the Hsp90 molecular chaperone,2019,National Institutes of Health,GM115356
https://openalex.org/W2955234098,https://doi.org/10.1002/prot.25766,Multimapping confounds ribosome profiling analysis: A case‐study of the Hsp90 molecular chaperone,2019,National Institutes of Health,R01
https://openalex.org/W4280607799,https://doi.org/10.1016/j.jmb.2022.167638,Electrostatics Drive the Molecular Chaperone BiP to Preferentially Bind Oligomerized States of a Client Protein,2022,National Institutes of Health,NSF-MRSEC-DMR-2011846
https://openalex.org/W4321996941,https://doi.org/10.1002/alz.13002,"Evaluating memory testing to distinguish dementia severity among White, Black, and Spanish‐speaking individuals in the Uniform Data Set (UDS)",2023,National Institutes of Health,T32AG066598
https://openalex.org/W4382539187,https://doi.org/10.1037/bne0000562,Distinct competitive impacts of palatability of taste stimuli on sampling dynamics during a preference test.,2023,National Institutes of Health,R01NS104818
https://openalex.org/W2788661914,https://doi.org/10.12688/f1000research.13849.1,"Breathe Easy EDA: A MATLAB toolbox for psychophysiology data management, cleaning, and analysis",2018,National Institutes of Health,R01MH080833
https://openalex.org/W2809557740,https://doi.org/10.1016/j.schres.2018.06.036,Altered selection during language processing in individuals at high risk for psychosis,2018,National Institutes of Health,P50-MH079485
https://openalex.org/W2809557740,https://doi.org/10.1016/j.schres.2018.06.036,Altered selection during language processing in individuals at high risk for psychosis,2018,National Institutes of Health,1F31-MH087073-01
https://openalex.org/W2939033028,https://doi.org/10.1080/23723556.2019.1588658,Dephosphorylation of the Atg1 kinase complex by type 2C protein phosphatases,2019,National Institutes of Health,GM61766
https://openalex.org/W2968193810,https://doi.org/10.3390/inorganics7080101,"Human Acireductone Dioxygenase (HsARD), Cancer and Human Health: Black Hat, White Hat or Gray?",2019,National Institutes of Health,R01GM130997
https://openalex.org/W3120536769,https://doi.org/10.1038/s41598-020-79949-w,Parametric shift from rational to irrational decisions in mice,2021,National Institutes of Health,NIH R01 NS104818
https://openalex.org/W3120536769,https://doi.org/10.1038/s41598-020-79949-w,Parametric shift from rational to irrational decisions in mice,2021,National Institutes of Health,NIH R01 MH110391
https://openalex.org/W3120536769,https://doi.org/10.1038/s41598-020-79949-w,Parametric shift from rational to irrational decisions in mice,2021,National Institutes of Health,NIH F31 DA051155
https://openalex.org/W3161758512,https://doi.org/10.1080/17470919.2021.1929460,Late frontal positivity effects in Self-referential Memory: Unique to the Self?,2021,National Institutes of Health,T32 NS007292
https://openalex.org/W3211575070,https://doi.org/10.1016/bs.mie.2021.09.004,Determining the kinetics of break-induced replication (BIR) by the assay for monitoring BIR elongation rate (AMBER),2021,National Institutes of Health,R35GM127006
https://openalex.org/W3211575070,https://doi.org/10.1016/bs.mie.2021.09.004,Determining the kinetics of break-induced replication (BIR) by the assay for monitoring BIR elongation rate (AMBER),2021,National Institutes of Health,R01CA232425
https://openalex.org/W3211575070,https://doi.org/10.1016/bs.mie.2021.09.004,Determining the kinetics of break-induced replication (BIR) by the assay for monitoring BIR elongation rate (AMBER),2021,National Institutes of Health,R35GM127029
https://openalex.org/W4211021306,https://doi.org/10.1016/j.cub.2022.01.064,Blue light responses in Cancer borealis stomatogastric ganglion neurons,2022,National Institutes of Health,R35NS 097343
https://openalex.org/W4221116095,https://doi.org/10.1002/cplu.202200060,Enzymatic Noncovalent Synthesis for Targeting Subcellular Organelles,2022,National Institutes of Health,CA252364
https://openalex.org/W4221116095,https://doi.org/10.1002/cplu.202200060,Enzymatic Noncovalent Synthesis for Targeting Subcellular Organelles,2022,National Institutes of Health,CA142746
https://openalex.org/W2790876732,https://doi.org/10.1016/bs.mie.2017.11.029,Assaying Mutations Associated With Gene Conversion Repair of a Double-Strand Break,2018,National Institutes of Health,R37 GM20056
https://openalex.org/W2790876732,https://doi.org/10.1016/bs.mie.2017.11.029,Assaying Mutations Associated With Gene Conversion Repair of a Double-Strand Break,2018,National Institutes of Health,R01 GM76020
https://openalex.org/W2790876732,https://doi.org/10.1016/bs.mie.2017.11.029,Assaying Mutations Associated With Gene Conversion Repair of a Double-Strand Break,2018,National Institutes of Health,P01 GM105473
https://openalex.org/W2887046045,https://doi.org/10.1016/j.chempr.2018.07.011,Too Crowded to Be Straight: Insights from Self-Assembly of Heterochiral Tripeptides,2018,National Institutes of Health,R01CA142746
https://openalex.org/W2887046045,https://doi.org/10.1016/j.chempr.2018.07.011,Too Crowded to Be Straight: Insights from Self-Assembly of Heterochiral Tripeptides,2018,National Institutes of Health,R21AI130560
https://openalex.org/W4313909910,https://doi.org/10.1080/09658211.2023.2166079,Perceived event resolution—rather than time—allows older adults to reduce the negativity of their memories,2023,National Institutes of Health,"NIH NRSA T32 NS007292,NIH T32 HL007901"
https://openalex.org/W4390108087,https://doi.org/10.1007/s00422-023-00981-w,Multistability in neural systems with random cross-connections,2023,National Institutes of Health,R01 NS104818
https://openalex.org/W3047125509,https://doi.org/10.1007/s11538-020-00820-0,Dynamics of Vesicles Driven Into Closed Constrictions by Molecular Motors,2020,National Institutes of Health,T32 NS007292
https://openalex.org/W4312212149,https://doi.org/10.1016/j.bmcl.2022.129116,Nonhydrolyzable d‑phenylalanine-benzoxazole derivatives retain antitubercular activity,2022,National Institutes of Health,1R21AI138048
https://openalex.org/W4312212149,https://doi.org/10.1016/j.bmcl.2022.129116,Nonhydrolyzable d‑phenylalanine-benzoxazole derivatives retain antitubercular activity,2022,National Institutes of Health,R01AI125362
https://openalex.org/W3164107631,https://doi.org/10.1016/j.nbas.2021.100015,The influence of emotional narrative content on the self-reference effect in memory,2021,National Institutes of Health,P30-AG013846
https://openalex.org/W4404729767,https://doi.org/10.26434/chemrxiv-2024-f1nsj,Glycan Mixture Analysis by Kernel Component Composition for Matrix Factorization,2024,National Institutes of Health,S10 RR025082
https://openalex.org/W4404845141,https://doi.org/10.1016/j.dr.2024.101169,How age and culture influence cognition: A lifespan developmental perspective,2024,National Institutes of Health,R01AG061886
https://openalex.org/W4402764467,https://doi.org/10.3390/catal14090652,Diverse YqeK Diadenosine Tetraphosphate Hydrolases Control Biofilm Formation in an Iron-Dependent Manner,2024,National Institutes of Health,GM111978
https://openalex.org/W4402764467,https://doi.org/10.3390/catal14090652,Diverse YqeK Diadenosine Tetraphosphate Hydrolases Control Biofilm Formation in an Iron-Dependent Manner,2024,National Institutes of Health,GM126303
https://openalex.org/W3186216417,https://doi.org/10.1137/21m1434180,Coarse-Grained Stochastic Model of Myosin-Driven Vesicles into Dendritic Spines,2022,National Institutes of Health,NS007292
https://openalex.org/W3128443713,https://doi.org/10.1080/13825585.2021.1882377,Effect of self-imagination on memory for older adults and aMCI patients,2021,National Institutes of Health,P30-AG013846
https://openalex.org/W3162593639,https://doi.org/10.1093/g3journal/jkab169,DNA templates with blocked long 3ʹ end single-stranded overhangs (BL3SSO) promote bona fide Cas9-stimulated homology-directed repair of long transgenes into endogenous gene loci,2021,National Institutes of Health,R01AG052465
https://openalex.org/W3162593639,https://doi.org/10.1093/g3journal/jkab169,DNA templates with blocked long 3ʹ end single-stranded overhangs (BL3SSO) promote bona fide Cas9-stimulated homology-directed repair of long transgenes into endogenous gene loci,2021,National Institutes of Health,R01GM135215
https://openalex.org/W3162593639,https://doi.org/10.1093/g3journal/jkab169,DNA templates with blocked long 3ʹ end single-stranded overhangs (BL3SSO) promote bona fide Cas9-stimulated homology-directed repair of long transgenes into endogenous gene loci,2021,National Institutes of Health,R21HD088792
https://openalex.org/W4200296544,https://doi.org/10.1007/s00285-021-01709-9,Global asymptotic stability of the active disassembly model of flagellar length control,2021,National Institutes of Health,T32 NS007292
https://openalex.org/W4377240692,https://doi.org/10.26434/chemrxiv-2022-f8n3b-v2,De Novo Glycan Sequencing by Electronic Excitation Dissociation MS2-Guided MS3 Analysis on an Omnitrap-Orbitrap Hybrid Instrument,2023,National Institutes of Health,S10 RR025082
https://openalex.org/W4385779406,https://doi.org/10.1093/g3journal/jkad186,Identification of a spontaneously arising variant affecting thermotaxis behavior in a recombinant inbred <i>Caenorhabditis elegans</i> line,2023,National Institutes of Health,R35 GM139594
https://openalex.org/W4385779406,https://doi.org/10.1093/g3journal/jkad186,Identification of a spontaneously arising variant affecting thermotaxis behavior in a recombinant inbred <i>Caenorhabditis elegans</i> line,2023,National Institutes of Health,R35 GM122463
https://openalex.org/W2951061660,https://doi.org/10.1083/jcb.201906022,"The enemy of my enemy: PTEN and PLCXD collude to fight endosomal PtdIns(4,5)P2",2019,National Institutes of Health,NS103967
https://openalex.org/W4225377478,https://doi.org/10.1096/fasebj.2022.36.s1.l7830,The Evolution of Language‐Related Long Association Pathways: A Comparative Study Between Humans and Rhesus Macaques,2022,National Institutes of Health,NS109475
https://openalex.org/W4225377483,https://doi.org/10.1096/fasebj.2022.36.s1.r5823,Steroid‐Derived Isonitriles are Potent Cytochrome P450 Ligands that Should Enable Solution NMR as a Structural Technique to Probe P450 Dynamics,2022,National Institutes of Health,R01‐GM130997
https://openalex.org/W4225378804,https://doi.org/10.1096/fasebj.2022.36.s1.l7724,Identification of Eral1 Recognition Sequences for Unfolding and Degradation by Mitochondrial ClpXP,2022,National Institutes of Health,5 T32 GM 135126‐02
https://openalex.org/W4225388941,https://doi.org/10.1096/fasebj.2022.36.s1.r5092,Single‐Molecule Analysis of <i>in vivo</i> DNA Replication Origin Licensing Stoichiometry,2022,National Institutes of Health,R01 GM125872
https://openalex.org/W4284679857,https://doi.org/10.1016/j.molcel.2022.06.018,A shattering experience,2022,National Institutes of Health,R35 GM127029
https://openalex.org/W4293101779,https://doi.org/10.26434/chemrxiv-2022-6fkph,Calcium Ions Enable Noncovalent Dimers of Phosphopeptides to Form Self-Oriented Filaments,2022,National Institutes of Health,CA142746
https://openalex.org/W4308271452,https://doi.org/10.26434/chemrxiv-2022-f8n3b,De Novo Glycan Sequencing by Electronic Excitation Dissociation MS2-Guided MS3 Analysis on an Omnitrap-Orbitrap Hybrid Instrument,2022,National Institutes of Health,S10 RR025082
https://openalex.org/W4236428613,https://doi.org/10.1096/fasebj.2021.35.s1.04878,Toolbox to evaluate biological function of histone deacetylases,2021,National Institutes of Health,R01‐GM‐040602
